<?xml version="1.0" encoding="UTF-8"?>
<con:soapui-project id="4afb0e42-b968-4944-94d2-885575f19f37" activeEnvironment="Default" name="ClickUpGoals_MariiaKhaburska" resourceRoot="${projectDir}" soapui-version="5.7.2" abortOnError="false" runType="SEQUENTIAL" xmlns:con="http://eviware.com/soapui/config"><con:settings/><con:interface xsi:type="con:RestService" id="917af054-298f-4889-936f-70418d89ea02" wadlVersion="http://wadl.dev.java.net/2009/02" name="https://api.clickup.com" type="rest" xmlns:xsi="http://www.w3.org/2001/XMLSchema-instance"><con:settings/><con:definitionCache type="TEXT" rootPart=""/><con:endpoints><con:endpoint>https://api.clickup.com</con:endpoint></con:endpoints><con:resource name="Goals" path="/api/v2/team/9012086487/goal" id="ef3eccac-28e4-4de2-91ff-d70c92e7c3dc"><con:settings/><con:parameters/><con:method name="GetGoals" id="6efa437c-e5de-4037-9aa5-e12c723d4542" method="GET"><con:settings/><con:parameters><con:parameter><con:name>Authorization</con:name><con:value>pk_74466095_OJF35AOYNQ3ZVE2LXANBR8IVZM2YYX2U</con:value><con:style>HEADER</con:style><con:default>pk_74466095_OJF35AOYNQ3ZVE2LXANBR8IVZM2YYX2U</con:default></con:parameter></con:parameters><con:representation type="RESPONSE"><con:mediaType>application/json; charset=utf-8</con:mediaType><con:status>200</con:status><con:params/><con:element xmlns:goal="https://api.clickup.com/api/v2/team/9015697193/goal">goal:Response</con:element></con:representation><con:representation type="FAULT"><con:mediaType>application/json; charset=utf-8</con:mediaType><con:status>401 500 403 404</con:status><con:params/><con:element xmlns:goal="https://api.clickup.com/api/v2/team/9015697193/goal">goal:Fault</con:element></con:representation><con:representation type="REQUEST"><con:mediaType>application/json</con:mediaType><con:params/></con:representation><con:representation type="REQUEST"><con:mediaType>text/xml</con:mediaType><con:params/></con:representation><con:representation type="REQUEST"><con:mediaType>application/xml</con:mediaType><con:params/></con:representation><con:representation type="REQUEST"><con:mediaType>multipart/mixed</con:mediaType><con:params/></con:representation><con:request name="GetGoals" id="f7bc50de-d1e3-4dde-aa9e-b9d92d53afe1" mediaType="application/json" postQueryString="false"><con:settings><con:setting id="com.eviware.soapui.impl.wsdl.WsdlRequest@request-headers">&lt;xml-fragment/></con:setting></con:settings><con:endpoint>https://api.clickup.com</con:endpoint><con:request>{
  "name": "Goal 7 ${#DynamicProperties#randomNoun}",
  "due_date": 1568036964079,
  "description": "Goal Description test",
  "multiple_owners": true,
  "color": "#32a852"
}
</con:request><con:originalUri>https://api.clickup.com/api/v2/team/9015697193/goal</con:originalUri><con:credentials><con:authType>No Authorization</con:authType></con:credentials><con:jmsConfig JMSDeliveryMode="PERSISTENT"/><con:jmsPropertyConfig/><con:parameters><entry key="Authorization" value="${#Project#token}" xmlns="http://eviware.com/soapui/config"/></con:parameters><con:parameterOrder><con:entry>Authorization</con:entry></con:parameterOrder></con:request></con:method><con:method name="CreateGoal" id="b001a9c8-4369-482f-bfe4-e701340d218b" method="POST"><con:settings/><con:parameters><con:parameter><con:name>Authorization</con:name><con:value>pk_74588014_UO24ZSDX0S7GYZWSJ9BDES9FC83BADA4</con:value><con:style>HEADER</con:style><con:default>pk_74588014_UO24ZSDX0S7GYZWSJ9BDES9FC83BADA4</con:default><con:description xsi:nil="true"/></con:parameter></con:parameters><con:representation type="FAULT"><con:mediaType>application/json; charset=utf-8</con:mediaType><con:status>400</con:status><con:params/><con:element xmlns:goal="https://api.clickup.com/api/v2/team/9012086487/goal">goal:Fault</con:element></con:representation><con:representation type="REQUEST"><con:mediaType>application/json</con:mediaType><con:params/></con:representation><con:representation type="RESPONSE"><con:mediaType>application/json; charset=utf-8</con:mediaType><con:status>200</con:status><con:params/><con:element xmlns:goal="https://api.clickup.com/api/v2/team/9012086487/goal">goal:Response</con:element></con:representation><con:request name="CreateGoal" id="46f6aec3-347e-475d-9d1a-4cd1d4ef96a1" mediaType="application/json" postQueryString="false"><con:settings><con:setting id="com.eviware.soapui.impl.wsdl.WsdlRequest@request-headers">&lt;xml-fragment/></con:setting></con:settings><con:endpoint>https://api.clickup.com</con:endpoint><con:request>{
  "name": "My Goal name New Test",
  "due_date": 1568036964079,
  "description": "Goal Description test",
  "multiple_owners": true,
  "color": "#32a852"
}</con:request><con:originalUri>https://api.clickup.com/api/v2/team/9012086487/goal</con:originalUri><con:credentials><con:authType>No Authorization</con:authType></con:credentials><con:jmsConfig JMSDeliveryMode="PERSISTENT"/><con:jmsPropertyConfig/><con:parameters><entry key="Authorization" value="${#Project#token}" xmlns="http://eviware.com/soapui/config"/></con:parameters><con:parameterOrder><con:entry>Authorization</con:entry></con:parameterOrder></con:request></con:method></con:resource><con:resource name="Goal" path="/api/v2/goal/26aee446-d6fc-4d24-8860-c9b17e6f4c06" id="760ebb7f-f456-49e1-87f2-066e7b0f5764"><con:settings/><con:parameters/><con:method name="GetGoal" id="c5593aed-d7d7-429d-a14b-d78624025560" method="GET"><con:settings/><con:parameters><con:parameter><con:name>Authorization</con:name><con:value>pk_74588014_UO24ZSDX0S7GYZWSJ9BDES9FC83BADA4</con:value><con:style>HEADER</con:style><con:default>pk_74588014_UO24ZSDX0S7GYZWSJ9BDES9FC83BADA4</con:default><con:description xsi:nil="true"/></con:parameter></con:parameters><con:representation type="FAULT"><con:mediaType>application/json; charset=utf-8</con:mediaType><con:status>400 500 401</con:status><con:params/><con:element xmlns:goal="https://api.clickup.com/api/v2/goal/goal_id">goal:Fault</con:element></con:representation><con:representation type="RESPONSE"><con:mediaType>application/json; charset=utf-8</con:mediaType><con:status>200</con:status><con:params/><con:element xmlns:goal="https://api.clickup.com/api/v2/goal/goal_id">goal:Response</con:element></con:representation><con:request name="GetGoal" id="0d743128-23de-457e-b090-23a07e963336" mediaType="application/json"><con:settings><con:setting id="com.eviware.soapui.impl.wsdl.WsdlRequest@request-headers">&lt;xml-fragment/></con:setting></con:settings><con:endpoint>https://api.clickup.com</con:endpoint><con:request/><con:originalUri>https://api.clickup.com/api/v2/goal/goal_id</con:originalUri><con:credentials><con:authType>No Authorization</con:authType></con:credentials><con:jmsConfig JMSDeliveryMode="PERSISTENT"/><con:jmsPropertyConfig/><con:parameters><entry key="Authorization" value="${#Project#token}" xmlns="http://eviware.com/soapui/config"/></con:parameters><con:parameterOrder><con:entry>Authorization</con:entry></con:parameterOrder></con:request></con:method><con:method name="UpdateGoal" id="36ed7824-db5a-4c7e-aa9d-d80360f408f2" method="PUT"><con:settings/><con:parameters><con:parameter><con:name>Authorization</con:name><con:value>${#Project#token}</con:value><con:style>HEADER</con:style><con:default>${#Project#token}</con:default><con:description xsi:nil="true"/></con:parameter></con:parameters><con:representation type="REQUEST"><con:mediaType>application/json</con:mediaType><con:params/></con:representation><con:representation type="FAULT"><con:mediaType>application/json; charset=utf-8</con:mediaType><con:status>400</con:status><con:params/><con:element xmlns:f6e3="https://api.clickup.com/api/v2/goal/f6e30914-0d2e-42d2-a145-036e3316f4f3">f6e3:Fault</con:element></con:representation><con:representation type="RESPONSE"><con:mediaType>application/json; charset=utf-8</con:mediaType><con:status>200</con:status><con:params/><con:element xmlns:f6e3="https://api.clickup.com/api/v2/goal/f6e30914-0d2e-42d2-a145-036e3316f4f3">f6e3:Response</con:element></con:representation><con:request name="UpdateGoal" id="d6b29996-a3a5-4ae4-b645-3fb651b6c23e" mediaType="application/json" postQueryString="false"><con:settings><con:setting id="com.eviware.soapui.impl.wsdl.WsdlRequest@request-headers">&lt;xml-fragment/></con:setting></con:settings><con:endpoint>https://api.clickup.com</con:endpoint><con:request>{
    "name": "Updated name for Goal is Updated test  ",
    "due_date": 1568036964079,
    "description": "Description for Goal ",
    "color": "#32a852"
  }</con:request><con:originalUri>https://api.clickup.com/api/v2/goal/f6e30914-0d2e-42d2-a145-036e3316f4f3</con:originalUri><con:credentials><con:authType>No Authorization</con:authType></con:credentials><con:jmsConfig JMSDeliveryMode="PERSISTENT"/><con:jmsPropertyConfig/><con:parameters/><con:parameterOrder><con:entry>Authorization</con:entry></con:parameterOrder></con:request></con:method><con:method name="DeleteGoal" id="cf6a57bf-13d4-404e-946b-c4eb419081cc" method="DELETE"><con:settings/><con:parameters><con:parameter><con:name>Authorization</con:name><con:value/><con:style>HEADER</con:style><con:default/><con:path xsi:nil="true"/><con:description xsi:nil="true"/></con:parameter></con:parameters><con:representation type="REQUEST"><con:mediaType>application/json</con:mediaType><con:params/></con:representation><con:representation type="RESPONSE"><con:mediaType>application/json; charset=utf-8</con:mediaType><con:status>200</con:status><con:params/><con:element>Response</con:element></con:representation><con:representation type="FAULT"><con:mediaType>application/json; charset=utf-8</con:mediaType><con:status>404</con:status><con:params/><con:element xmlns:f6e3="https://api.clickup.com/api/v2/goal/f6e30914-0d2e-42d2-a145-036e3316f4f3">f6e3:Fault</con:element></con:representation><con:request name="DeleteGoal" id="99afc621-fc26-42bf-b739-d39e059c7616" mediaType="application/json" postQueryString="false"><con:settings><con:setting id="com.eviware.soapui.impl.wsdl.WsdlRequest@request-headers">&lt;xml-fragment/></con:setting></con:settings><con:endpoint>https://api.clickup.com</con:endpoint><con:request/><con:credentials><con:authType>No Authorization</con:authType></con:credentials><con:jmsConfig JMSDeliveryMode="PERSISTENT"/><con:jmsPropertyConfig/><con:parameters><entry key="Authorization" value="${#Project#token}" xmlns="http://eviware.com/soapui/config"/></con:parameters></con:request></con:method></con:resource><con:resource name="Key_result_Create" path="/api/v2/goal/26aee446-d6fc-4d24-8860-c9b17e6f4c06/key_result" id="5c4f394b-159c-4a91-8d15-05aedde89dc5"><con:settings/><con:parameters/><con:method name="CreateKeyResult(Target)" id="bb34cc07-0a62-4b20-ba32-5d3c2d6e6072" method="POST"><con:settings/><con:parameters><con:parameter><con:name>Authorization</con:name><con:value/><con:style>HEADER</con:style><con:default/><con:description xsi:nil="true"/></con:parameter></con:parameters><con:representation type="REQUEST"><con:mediaType>application/json</con:mediaType><con:params/></con:representation><con:representation type="RESPONSE"><con:mediaType>application/json; charset=utf-8</con:mediaType><con:status>200</con:status><con:params/><con:element xmlns:key="https://api.clickup.com/api/v2/goal/f6e30914-0d2e-42d2-a145-036e3316f4f3/key_result">key:Response</con:element></con:representation><con:representation type="FAULT"><con:mediaType>application/json; charset=utf-8</con:mediaType><con:status>404</con:status><con:params/><con:element xmlns:key="https://api.clickup.com/api/v2/goal/f6e30914-0d2e-42d2-a145-036e3316f4f3/key_result">key:Fault</con:element></con:representation><con:request name="PostTarget" id="c4a4f781-4e71-45b3-a492-7267c217e5f6" mediaType="application/json" postQueryString="false"><con:settings><con:setting id="com.eviware.soapui.impl.wsdl.WsdlRequest@request-headers">&lt;xml-fragment/></con:setting></con:settings><con:endpoint>https://api.clickup.com</con:endpoint><con:request>{
    "name": "my New Key Result is Test 222",
    "type": "number",
    "steps_start": 0,
    "steps_end": 10,
    "unit": "km",
    "task_ids": [],
    "list_ids": []
  }
</con:request><con:originalUri>https://api.clickup.com/api/v2/goal/f6e30914-0d2e-42d2-a145-036e3316f4f3/key_result</con:originalUri><con:credentials><con:authType>No Authorization</con:authType></con:credentials><con:jmsConfig JMSDeliveryMode="PERSISTENT"/><con:jmsPropertyConfig/><con:parameters><entry key="Authorization" value="${#Project#token}" xmlns="http://eviware.com/soapui/config"/></con:parameters><con:parameterOrder><con:entry>Authorization</con:entry></con:parameterOrder></con:request></con:method></con:resource><con:resource name="Key_result_Edit/Delete" path="/api/v2/key_result/26aee446-d6fc-4d24-8860-c9b17e6f4c06" id="2d41985a-75ae-4d43-a1a0-b844a9e6f839"><con:settings/><con:parameters/><con:method name="EditKeyResult(Target)" id="755da071-82b0-4e24-a49b-b93bd750ec6e" method="PUT"><con:settings/><con:parameters><con:parameter><con:name>Authorization</con:name><con:value>${#Project#token}</con:value><con:style>HEADER</con:style><con:default>${#Project#token}</con:default><con:description xsi:nil="true"/></con:parameter></con:parameters><con:representation type="REQUEST"><con:mediaType>application/json</con:mediaType><con:params/></con:representation><con:representation type="FAULT"><con:mediaType>application/json; charset=utf-8</con:mediaType><con:status>400 404</con:status><con:params/><con:element xmlns:a7e="https://api.clickup.com/api/v2/key_result/64250a7e-6664-4ee8-aa54-1afc71fad2e0">a7e:Fault</con:element></con:representation><con:representation type="RESPONSE"><con:mediaType>application/json; charset=utf-8</con:mediaType><con:status>200</con:status><con:params/><con:element xmlns:a7e="https://api.clickup.com/api/v2/key_result/64250a7e-6664-4ee8-aa54-1afc71fad2e0">a7e:Response</con:element></con:representation><con:request name="PutKeyResult(Target)" id="384aa5c9-2ea8-4786-9868-32b97ba8824f" mediaType="application/json" postQueryString="false"><con:settings><con:setting id="com.eviware.soapui.impl.wsdl.WsdlRequest@request-headers">&lt;xml-fragment/></con:setting></con:settings><con:endpoint>https://api.clickup.com</con:endpoint><con:request>{
    "steps_current": 5,
    "note": "Target achieved"
  }</con:request><con:originalUri>https://api.clickup.com/api/v2/key_result/64250a7e-6664-4ee8-aa54-1afc71fad2e0</con:originalUri><con:credentials><con:authType>No Authorization</con:authType></con:credentials><con:jmsConfig JMSDeliveryMode="PERSISTENT"/><con:jmsPropertyConfig/><con:parameters/><con:parameterOrder><con:entry>Authorization</con:entry></con:parameterOrder></con:request></con:method><con:method name="DeleteKeyResult(Target)" id="d9351734-c540-4344-bb8b-77264ff05027" method="DELETE"><con:settings/><con:parameters><con:parameter><con:name>Authorization</con:name><con:value/><con:style>HEADER</con:style><con:default/><con:path xsi:nil="true"/><con:description xsi:nil="true"/></con:parameter></con:parameters><con:representation type="REQUEST"><con:mediaType>application/json</con:mediaType><con:params/></con:representation><con:representation type="RESPONSE"><con:mediaType>application/json; charset=utf-8</con:mediaType><con:status>200</con:status><con:params/><con:element>Response</con:element></con:representation><con:request name="DeleteKeyResult(Target)" id="6ae11975-e6b8-48c8-b0b8-287a6ecad92b" mediaType="application/json" postQueryString="false"><con:settings><con:setting id="com.eviware.soapui.impl.wsdl.WsdlRequest@request-headers">&lt;xml-fragment/></con:setting></con:settings><con:endpoint>https://api.clickup.com</con:endpoint><con:request/><con:originalUri>https://api.clickup.com/api/v2/key_result/64250a7e-6664-4ee8-aa54-1afc71fad2e0</con:originalUri><con:credentials><con:authType>No Authorization</con:authType></con:credentials><con:jmsConfig JMSDeliveryMode="PERSISTENT"/><con:jmsPropertyConfig/><con:parameters><entry key="Authorization" value="${#Project#token}" xmlns="http://eviware.com/soapui/config"/></con:parameters></con:request></con:method></con:resource></con:interface><con:testSuite id="6c7ef02b-3d2c-416f-bc35-2af48edb157f" name="GoalsTestSuite"><con:settings/><con:runType>SEQUENTIAL</con:runType><con:testCase id="e3cd3e36-1696-46d7-bba5-3f726a8ff514" failOnError="true" failTestCaseOnErrors="true" keepSession="false" maxResults="0" name="GetAllGoalsTestCase" searchProperties="true"><con:settings/><con:testStep type="restrequest" name="Goals - GetGoals" id="e9c502d1-9a75-4c12-bff5-22b4eae9fbe1"><con:settings/><con:config service="https://api.clickup.com" resourcePath="/api/v2/team/9012086487/goal" methodName="GetGoals" xsi:type="con:RestRequestStep" xmlns:xsi="http://www.w3.org/2001/XMLSchema-instance"><con:restRequest name="Goals - GetGoals" id="f7bc50de-d1e3-4dde-aa9e-b9d92d53afe1" mediaType="application/json" postQueryString="false"><con:settings><con:setting id="com.eviware.soapui.impl.wsdl.WsdlRequest@request-headers">&lt;xml-fragment/></con:setting></con:settings><con:endpoint>https://api.clickup.com</con:endpoint><con:request>{
  "name": "Goal 7 ${#DynamicProperties#randomNoun}",
  "due_date": 1568036964079,
  "description": "Goal Description test",
  "multiple_owners": true,
  "color": "#32a852"
}
</con:request><con:originalUri>https://api.clickup.com/api/v2/team/9015697193/goal</con:originalUri><con:assertion type="Valid HTTP Status Codes" id="bea6d30c-34fe-4286-8439-a1a07882d934" name="Valid HTTP Status Codes"><con:configuration><codes>200</codes></con:configuration></con:assertion><con:assertion type="Simple Contains" id="21ed0319-dc59-4eda-a8fe-75c52f50d88d" name="Contains"><con:configuration><token>id</token><ignoreCase>false</ignoreCase><useRegEx>false</useRegEx></con:configuration></con:assertion><con:credentials><con:authType>No Authorization</con:authType></con:credentials><con:jmsConfig JMSDeliveryMode="PERSISTENT"/><con:jmsPropertyConfig/><con:parameters><entry key="Authorization" value="pk_74588014_UO24ZSDX0S7GYZWSJ9BDES9FC83BADA4" xmlns="http://eviware.com/soapui/config"/></con:parameters><con:parameterOrder><con:entry>Authorization</con:entry></con:parameterOrder></con:restRequest></con:config></con:testStep><con:properties/></con:testCase><con:testCase id="fc830bf0-339e-4ec0-ab78-783c3a136ad3" failOnError="true" failTestCaseOnErrors="true" keepSession="false" maxResults="0" name="CreateGoalTestCase" searchProperties="true"><con:settings/><con:testStep type="groovy" name="GenerateRandomName" id="ceeb7882-10d4-4918-be68-88f17262e616"><con:settings/><con:config><script>import java.util.Random

// Method to generate a random string of a specified length
String generateRandomString(int length) {
    def allowedChars = ('a'..'z').toList() + ('A'..'Z').toList() + ('0'..'9').toList()
    def random = new Random()
    return (1..length).collect { allowedChars[random.nextInt(allowedChars.size())] }.join()
}

// Generate a random string of length 10
String randomString = generateRandomString(3)

// Print the generated string (for debugging purposes)
println "Generated Random String: ${randomString}"

// Set the generated random string as a property in the test suite
testRunner.testCase.testSuite.setPropertyValue("randomName", randomString)</script></con:config></con:testStep><con:testStep type="restrequest" name="Goals - CreateGoal" id="97c27eeb-1082-451d-8e70-ea7786697bf4"><con:settings/><con:config service="https://api.clickup.com" resourcePath="/api/v2/team/9012086487/goal" methodName="CreateGoal" xsi:type="con:RestRequestStep" xmlns:xsi="http://www.w3.org/2001/XMLSchema-instance"><con:restRequest name="Goals - CreateGoal" id="b9f02c4b-2e99-455d-9cdc-631a9d44b6d8" mediaType="application/json" postQueryString="false"><con:settings><con:setting id="com.eviware.soapui.impl.wsdl.WsdlRequest@request-headers">&lt;xml-fragment/></con:setting></con:settings><con:endpoint>https://api.clickup.com</con:endpoint><con:request>{
  "name": "Goal 14 ${#TestSuite#randomName}",
  "due_date": 1568036964079,
  "description": "Goal Description test",
  "multiple_owners": true,
  "color": "#32a852"
}</con:request><con:originalUri>https://api.clickup.com/api/v2/team/9015697193/goal</con:originalUri><con:assertion type="Valid HTTP Status Codes" id="3809a9d3-2a1c-4633-ad97-e866959ed814" name="Valid HTTP Status Codes"><con:configuration><codes>200, 201, 202</codes></con:configuration></con:assertion><con:credentials><con:authType>No Authorization</con:authType></con:credentials><con:jmsConfig JMSDeliveryMode="PERSISTENT"/><con:jmsPropertyConfig/><con:parameters/><con:parameterOrder><con:entry>Authorization</con:entry></con:parameterOrder></con:restRequest></con:config></con:testStep><con:loadTest id="66bdb216-16ba-414c-bdee-c8d4db37058b" name="LoadTest 1"><con:settings><con:setting id="HttpSettings@close-connections">false</con:setting></con:settings><con:threadCount>5</con:threadCount><con:startDelay>0</con:startDelay><con:sampleInterval>250</con:sampleInterval><con:calculateTPSOnTimePassed>true</con:calculateTPSOnTimePassed><con:resetStatisticsOnThreadCountChange>true</con:resetStatisticsOnThreadCountChange><con:historyLimit>-1</con:historyLimit><con:testLimit>60</con:testLimit><con:limitType>TIME</con:limitType><con:loadStrategy><con:type>Simple</con:type></con:loadStrategy><con:assertion type="Step Status" name="Step Status"/><con:maxAssertionErrors>100</con:maxAssertionErrors><con:cancelExcessiveThreads>true</con:cancelExcessiveThreads><con:strategyInterval>500</con:strategyInterval></con:loadTest><con:properties/><con:securityTest id="c08bf5b8-764c-40c5-8e4d-df3d2d4413f7" name="SecurityTest 1" failOnError="true"><con:settings/><con:properties/></con:securityTest></con:testCase><con:testCase id="51acbd4c-4de5-43c3-84e8-d9f342010c24" failOnError="true" failTestCaseOnErrors="true" keepSession="false" maxResults="0" name="GetGoalTestCase" searchProperties="true"><con:settings/><con:testStep type="restrequest" name="Goal - GetGoal" id="2ab831f3-64e4-4bd1-b7b6-02c22344413a"><con:settings/><con:config service="https://api.clickup.com" resourcePath="/api/v2/goal/26aee446-d6fc-4d24-8860-c9b17e6f4c06" methodName="GetGoal" xsi:type="con:RestRequestStep" xmlns:xsi="http://www.w3.org/2001/XMLSchema-instance"><con:restRequest name="Goal - GetGoal" id="0d743128-23de-457e-b090-23a07e963336" mediaType="application/json"><con:settings><con:setting id="com.eviware.soapui.impl.wsdl.WsdlRequest@request-headers">&lt;xml-fragment/></con:setting></con:settings><con:endpoint>https://api.clickup.com</con:endpoint><con:request/><con:originalUri>https://api.clickup.com/api/v2/goal/goal_id</con:originalUri><con:assertion type="Valid HTTP Status Codes" id="a035c781-2121-46ff-80ab-af3e4291b536" name="Valid HTTP Status Codes"><con:configuration><codes>200, 201</codes></con:configuration></con:assertion><con:assertion type="Response SLA Assertion" id="1ef818fb-2f0b-45b9-ae2e-566d43f9ebba" name="Response SLA"><con:configuration><SLA>3000</SLA></con:configuration></con:assertion><con:credentials><con:authType>No Authorization</con:authType></con:credentials><con:jmsConfig JMSDeliveryMode="PERSISTENT"/><con:jmsPropertyConfig/><con:parameters/><con:parameterOrder><con:entry>Authorization</con:entry></con:parameterOrder></con:restRequest></con:config></con:testStep><con:properties/></con:testCase><con:testCase id="6dbde902-4ad3-4081-94e8-39ef752c21d7" failOnError="true" failTestCaseOnErrors="true" keepSession="false" maxResults="0" name="UpdateGoalTestCase" searchProperties="true"><con:settings/><con:testStep type="groovy" name="Copy of GenerateRandomName" id="de516230-d381-497a-9b35-797f78f7398a"><con:settings/><con:config><script>import java.util.Random

// Method to generate a random string of a specified length
String generateRandomString(int length) {
    def allowedChars = ('a'..'z').toList() + ('A'..'Z').toList() + ('0'..'9').toList()
    def random = new Random()
    return (1..length).collect { allowedChars[random.nextInt(allowedChars.size())] }.join()
}

// Generate a random string of length 10
String randomString = generateRandomString(3)

// Print the generated string (for debugging purposes)
println "Generated Random String: ${randomString}"

// Set the generated random string as a property in the test suite
testRunner.testCase.testSuite.setPropertyValue("randomName", randomString)</script></con:config></con:testStep><con:testStep type="restrequest" name="Goal - UpdateGoal" id="b99e8361-e3a6-445d-a8a5-0a3fbfbfe043"><con:settings/><con:config service="https://api.clickup.com" resourcePath="/api/v2/goal/26aee446-d6fc-4d24-8860-c9b17e6f4c06" methodName="UpdateGoal" xsi:type="con:RestRequestStep" xmlns:xsi="http://www.w3.org/2001/XMLSchema-instance"><con:restRequest name="Goal - UpdateGoal" id="d6b29996-a3a5-4ae4-b645-3fb651b6c23e" mediaType="application/json" postQueryString="false"><con:settings><con:setting id="com.eviware.soapui.impl.wsdl.WsdlRequest@request-headers">&lt;xml-fragment/></con:setting></con:settings><con:endpoint>https://api.clickup.com</con:endpoint><con:request>{
    "name": "Updated name for Goal is ${#TestSuite#randomName}",
    "due_date": 1568036964079,
    "description": "Description for Goal ",
    "color": "#32a852"
  }</con:request><con:originalUri>https://api.clickup.com/api/v2/goal/f6e30914-0d2e-42d2-a145-036e3316f4f3</con:originalUri><con:assertion type="Simple NotContains" id="7cbf19b8-d521-47af-9ac6-ef9268b421ad" name="Not Contains"><con:configuration><token>error</token><ignoreCase>false</ignoreCase><useRegEx>false</useRegEx></con:configuration></con:assertion><con:assertion type="Valid HTTP Status Codes" id="4ea0d8a9-6520-4e75-9806-9e538cf90d9c" name="Valid HTTP Status Codes"><con:configuration><codes>200</codes></con:configuration></con:assertion><con:credentials><con:authType>No Authorization</con:authType></con:credentials><con:jmsConfig JMSDeliveryMode="PERSISTENT"/><con:jmsPropertyConfig/><con:parameters/><con:parameterOrder><con:entry>Authorization</con:entry></con:parameterOrder></con:restRequest></con:config></con:testStep><con:properties/></con:testCase><con:testCase id="416a45fd-e5d5-4ab5-aaa3-754775b32bc5" failOnError="true" failTestCaseOnErrors="true" keepSession="false" maxResults="0" name="CreateTargetTestCase" searchProperties="true"><con:settings/><con:testStep type="restrequest" name="REST Request" id="d3adbc0c-77f0-4c64-bf88-7e4e64cea0a8"><con:settings/><con:config service="https://api.clickup.com" resourcePath="/api/v2/goal/26aee446-d6fc-4d24-8860-c9b17e6f4c06/key_result" methodName="CreateKeyResult(Target)" xsi:type="con:RestRequestStep" xmlns:xsi="http://www.w3.org/2001/XMLSchema-instance"><con:restRequest name="REST Request" id="c4a4f781-4e71-45b3-a492-7267c217e5f6" mediaType="application/json" postQueryString="false"><con:settings><con:setting id="com.eviware.soapui.impl.wsdl.WsdlRequest@request-headers">&lt;xml-fragment/></con:setting></con:settings><con:endpoint>https://api.clickup.com</con:endpoint><con:request>{
    "name": "my New Key Result Name is  Test",
    "type": "number",
    "steps_start": 0,
    "steps_end": 10,
    "unit": "km",
    "task_ids": [],
    "list_ids": []
  }
</con:request><con:originalUri>https://api.clickup.com/api/v2/goal/f6e30914-0d2e-42d2-a145-036e3316f4f3/key_result</con:originalUri><con:assertion type="Valid HTTP Status Codes" id="6fab2d1e-ae39-4571-b856-b960631e55a2" name="Valid HTTP Status Codes"><con:configuration><codes>200</codes></con:configuration></con:assertion><con:credentials><con:authType>No Authorization</con:authType></con:credentials><con:jmsConfig JMSDeliveryMode="PERSISTENT"/><con:jmsPropertyConfig/><con:parameters><entry key="Authorization" value="${#Project#token}" xmlns="http://eviware.com/soapui/config"/></con:parameters><con:parameterOrder><con:entry>Authorization</con:entry></con:parameterOrder></con:restRequest></con:config></con:testStep><con:properties/></con:testCase><con:testCase id="7b249fa0-5cf9-47fe-b8b4-a9485de02f72" failOnError="true" failTestCaseOnErrors="true" keepSession="false" maxResults="0" name="UpdateTargetTestCase" searchProperties="true"><con:settings/><con:testStep type="restrequest" name="REST Request" id="586eb0b3-c78f-4700-b7c0-8dc423753e64"><con:settings/><con:config service="https://api.clickup.com" resourcePath="/api/v2/key_result/26aee446-d6fc-4d24-8860-c9b17e6f4c06" methodName="EditKeyResult(Target)" xsi:type="con:RestRequestStep" xmlns:xsi="http://www.w3.org/2001/XMLSchema-instance"><con:restRequest name="REST Request" id="384aa5c9-2ea8-4786-9868-32b97ba8824f" mediaType="application/json" postQueryString="false"><con:settings><con:setting id="com.eviware.soapui.impl.wsdl.WsdlRequest@request-headers">&lt;xml-fragment/></con:setting></con:settings><con:endpoint>https://api.clickup.com</con:endpoint><con:request>{
    "steps_current": 5,
    "note": "Target achieved"
  }</con:request><con:originalUri>https://api.clickup.com/api/v2/key_result/64250a7e-6664-4ee8-aa54-1afc71fad2e0</con:originalUri><con:assertion type="Valid HTTP Status Codes" id="70c134c4-3919-43bf-ad09-da23b73406ff" name="Valid HTTP Status Codes"><con:configuration><codes>200</codes></con:configuration></con:assertion><con:credentials><con:authType>No Authorization</con:authType></con:credentials><con:jmsConfig JMSDeliveryMode="PERSISTENT"/><con:jmsPropertyConfig/><con:parameters/><con:parameterOrder><con:entry>Authorization</con:entry></con:parameterOrder></con:restRequest></con:config></con:testStep><con:properties/></con:testCase><con:testCase id="9b2d34be-57ac-475b-9b9f-1b368c098c10" failOnError="true" failTestCaseOnErrors="true" keepSession="false" maxResults="0" name="DeleteTargetTestCase" searchProperties="true"><con:settings/><con:testStep type="restrequest" name="REST Request" id="1d3abec8-ab78-408d-9637-875207e9c4ab"><con:settings/><con:config service="https://api.clickup.com" resourcePath="/api/v2/key_result/26aee446-d6fc-4d24-8860-c9b17e6f4c06" methodName="DeleteKeyResult(Target)" xsi:type="con:RestRequestStep" xmlns:xsi="http://www.w3.org/2001/XMLSchema-instance"><con:restRequest name="REST Request" id="6ae11975-e6b8-48c8-b0b8-287a6ecad92b" mediaType="application/json" postQueryString="false"><con:settings><con:setting id="com.eviware.soapui.impl.wsdl.WsdlRequest@request-headers">&lt;xml-fragment/></con:setting></con:settings><con:endpoint>https://api.clickup.com</con:endpoint><con:request/><con:originalUri>https://api.clickup.com/api/v2/key_result/64250a7e-6664-4ee8-aa54-1afc71fad2e0</con:originalUri><con:assertion type="Valid HTTP Status Codes" id="6db8d735-4d26-44a9-b9ff-e6633693f0d6" name="Valid HTTP Status Codes"><con:configuration><codes>400, 404</codes></con:configuration></con:assertion><con:credentials><con:authType>No Authorization</con:authType></con:credentials><con:jmsConfig JMSDeliveryMode="PERSISTENT"/><con:jmsPropertyConfig/><con:parameters><entry key="Authorization" value="${#Project#token}" xmlns="http://eviware.com/soapui/config"/></con:parameters></con:restRequest></con:config></con:testStep><con:properties/></con:testCase><con:testCase id="caf9111d-333d-43af-ab95-5b49e1a02428" failOnError="true" failTestCaseOnErrors="true" keepSession="false" maxResults="0" name="DeleteGoalTestCase" searchProperties="true"><con:settings/><con:testStep type="restrequest" name="REST Request" id="b782ad87-570d-47c8-9ab5-b5bbcf34ec5f"><con:settings/><con:config service="https://api.clickup.com" resourcePath="/api/v2/goal/26aee446-d6fc-4d24-8860-c9b17e6f4c06" methodName="DeleteGoal" xsi:type="con:RestRequestStep" xmlns:xsi="http://www.w3.org/2001/XMLSchema-instance"><con:restRequest name="REST Request" id="99afc621-fc26-42bf-b739-d39e059c7616" mediaType="application/json" postQueryString="false"><con:settings><con:setting id="com.eviware.soapui.impl.wsdl.WsdlRequest@request-headers">&lt;xml-fragment/></con:setting></con:settings><con:endpoint>https://api.clickup.com</con:endpoint><con:request/><con:originalUri>https://api.clickup.com/api/v2/goal/f6e30914-0d2e-42d2-a145-036e3316f4f3</con:originalUri><con:assertion type="Valid HTTP Status Codes" id="1e25379f-5688-4a6c-8793-2b41388fae06" name="Valid HTTP Status Codes"><con:configuration><codes>400, 404</codes></con:configuration></con:assertion><con:assertion type="Simple Contains" id="87c20c88-2716-44d4-965d-b7118c2853fe" name="Contains"><con:configuration><token>Goal Not Found</token><ignoreCase>false</ignoreCase><useRegEx>false</useRegEx></con:configuration></con:assertion><con:credentials><con:authType>No Authorization</con:authType></con:credentials><con:jmsConfig JMSDeliveryMode="PERSISTENT"/><con:jmsPropertyConfig/><con:parameters><entry key="Authorization" value="${#Project#token}" xmlns="http://eviware.com/soapui/config"/></con:parameters></con:restRequest></con:config></con:testStep><con:properties/></con:testCase><con:properties><con:property><con:name>randomName</con:name><con:value>NJi</con:value></con:property></con:properties></con:testSuite><con:properties><con:property><con:name>token</con:name><con:value>pk_74588014_UO24ZSDX0S7GYZWSJ9BDES9FC83BADA4</con:value></con:property></con:properties><con:wssContainer/><con:oAuth2ProfileContainer/><con:oAuth1ProfileContainer/><con:sensitiveInformation/></con:soapui-project>